{
    "train": {
        "loss": 0.8173529505729675
    },
    "eval": {
        "loss": 0.8774266839027405
    },
    "error_rate": 0.5,
    "accuracy": 0.5,
    "step": 2
}
