{
    "train": {
        "loss": 0.8826702237129211
    },
    "eval": {
        "loss": 0.24353300034999847
    },
    "error_rate": 0.07142855226993561,
    "accuracy": 0.9285714030265808,
    "step": 2
}
