step	accuracy
0	0.5714285969734192
1	0.8571428656578064
2	0.9285714030265808
