step	error_rate
0	0.4285714328289032
1	0.1428571194410324
2	0.07142855226993561
