step	loss
0	0.6394959688186646
1	0.28360676765441895
2	0.24353300034999847
