step	loss
0	1.5411348342895508
1	1.0688289403915405
2	0.8774266839027405
