step	loss
0	0.9541604518890381
1	0.82637619972229
2	0.8826702237129211
