step	loss
0	1.3879444599151611
1	0.9630772471427917
2	0.8173529505729675
